moveNext,void,function,../../input/Car/car.cpp,61:14:00,C++
setImageList,void,function,../../input/Car/car.cpp,61:14:00,C++
IsAWordStart,void,function,../../input/Car/car.cpp,61:14:00,C++
Invalidate,void,function,../../input/Car/car.cpp,61:14:00,C++
isInListA,void,function,../../input/Car/car.cpp,61:14:00,C++
nextSectionIsSubSection,void,function,../../input/Car/car.cpp,61:14:00,C++
syncFoldStateWith,void,function,../../input/Car/car.cpp,61:14:00,C++
setItemIconStatus,void,function,../../input/Car/car.cpp,61:14:00,C++
getInstance,void,function,../../input/Car/car.cpp,61:14:00,C++
ClearAllTabstops,void,function,../../input/Car/car.cpp,61:14:00,C++
AddTextColorAttribute,void,function,../../input/Car/car.cpp,61:14:00,C++
IsStreamCommentStyle,void,function,../../input/Car/car.cpp,61:14:00,C++
IsASpace,void,function,../../input/Car/car.cpp,61:14:00,C++
enableFontStyle,void,function,../../input/Car/car.cpp,61:14:00,C++
moveNext,void,function,../../input/Car/car.cpp,61:14:00,C++
IsHexDigit,void,function,../../input/Car/car.cpp,61:14:00,C++
